para	5991
org√°nica	4876
org√°nico	4429
seco	3750
seca	3639
lata	3342
frasco	3295
cortado	3285
cortada	3056
servicios	2266
congelado	2229
rosal	2119
congelada	1977
fresco	1697
fresca	1584
vivo	1580
viva	1482
org√°nicas	1348
envasado	1236
enlatado	1206
durazno	1126
congeladas	1122
secas	1037
accesorios	900
servicio	879
enlatada	864
envasada	861
manzana	831
acero	807
rojo	771
naranja	716
tubos	681
crisantemo	655
ciruela	652
aguacate	643
org√°nicos	625
calabaza	588
roja	573
ma√≠z	573
ensambles	565
equipo	553
verde	519
aleaci√≥n	487
rosado	486
pomp√≥n	483
mel√≥n	475
blanco	449
pera	441
chabacano	441
forjado	431
albaricoque	417
blanca	416
sistemas	412
frijoles	410
lirio	409
molde	409
piezas	407
fr√≠o	400
orqu√≠dea	384
estrella	377
soldadura	371
aluminio	371
azul	368
cebolla	366
dulce	357
componentes	351
objetos	351
pl√°stico	349
kits	342
calor	341
flor	333
negro	332
fundidos	330
control	329
gigante	325
spray	323
secos	319
oriental	315
piment√≥n	309
fundidas	307
amarillo	306
congelados	306
cable	300
productos	300
m√°quinas	299
maquinados	298
cereza	294
ramillete	288
tubo	288
inoxidable	286
materiales	286
amaryllis	285
agua	282
caliente	269
tratado	266
dorado	264
lili	262
campo	262
azucena	255
hierro	254
rosa	252
aceitunas	250
equipos	249
m√°quina	247
frambuesa	243
aceituna	240
instrumentos	239
mecanizadas	235
cobre	235
m√©dico	233
chile	231
royal	230
tomates	230
maquinado	229
suministros	228
mantenimiento	226
im√°n	224
fuerte	220
lat√≥n	218
construcci√≥n	216
sistema	215
quir√∫rgico	215
hoja	212
tuber√≠a	210
papel	210
clorhidrato	207
p√∫rpura	205
lechuga	202
pepino	202
fragua	201
laboratorio	201
phalaenopsis	201
presi√≥n	200
unidades	198
cohombro	194
software	193
tulip√°n	193
forja	192
dom√©stico	192
ensamble	192
pozo	190
ciruelo	187
remolacha	186
betabel	186
damasco	185
semillas	185
jitomate	184
cocombro	184
metal	183
perforaci√≥n	180
ferrosa	179
amarilla	177
comercial	177
negra	175
aditivos	175
instalaci√≥n	175
herramientas	175
asi√°tica	174
nieve	174
soldadas	173
lim√≥n	172
cera	172
inyecci√≥n	171
aire	171
probador	171
pepa	170
sets	169
champi√±√≥n	169
calla	168
berenjena	168
ar√°ndano	165
alambre	164
odontol√≥gico	164
batata	163
camote	163
reparaci√≥n	162
seguridad	162
titanio	159
barras	159
alcatraz	159
producci√≥n	159
rosada	158
mandarina	157
arena	156
carbono	156
programa	156
dispositivos	153
leucospermum	153
moldeado	152
ferrita	150
mini	149
dama	149
motor	148
bombas	148
claro	148
madera	148
bronce	146
acelga	145
placas	145
pl√°tano	145
recursos	144
serie	142
lavanda	142
diamante	140
clavel	140
japon√©s	139
bosque	139
chino	138
espinaca	138
barra	138
zarzamora	137
d√°tiles	136
fibra	135
envasados	135
lima	135
enlatados	134
oto√±o	130
l√°minas	130
apio	130
plomo	130
bruselas	130
alverja	129
personal	129
fruta	129
enrollada	129
√ëame	128
tibio	128
libros	127
magnesio	127
protecci√≥n	127
mango	125
anaranjado	125
baya	124
l√°mina	124
caucho	124
margarita	124
n√≠quel	123
cortadas	122
agras	122
alta	122
endivias	122
ch√≠charo	121
mora	120
isotr√≥pico	120
nabo	120
limpieza	120
fruto	120
recubierto	120
violeta	119
transporte	119
administraci√≥n	119
esta√±o	118
early	118
ornamental	117
forjas	117
relacionados	116
alcachofa	116
contra	116
m√©dicos	114
herramienta	114
ense√±anza	113
cobalto	113
aceite	113
impresi√≥n	113
berber√≠	112
choy	112
pozos	112
medici√≥n	111
uniones	111
√°rbol	110
sinterizado	110
troquel	110
pi√±a	109
almacenamiento	108
procesado	108
filtros	108
mangos	108
spider	107
astromelia	107
analizadores	106
sabor	106
partes	106
fresa	105
cambray	104
zinc	104
soporte	104
n√≠spero	104
fabricaci√≥n	104
caqui	104
estructurales	103
papa	103
h√≠brido	103
formados	102
kiwi	102
pintura	101
recuperaci√≥n	100
pasa	100
anisotr√≥pico	100
fundici√≥n	100
ensalada	100
avi√≥n	100
maquinaria	99
barber√≠s	99
f√≠sicamente	99
tarjetas	98
maquinadas	98
doble	98
yeso	97
achicoria	96
base	96
ultra	96
mercado	96
placa	96
bolsas	95
orange	95
crema	94
veh√≠culos	94
datos	94
bananas	93
fuego	93
precioso	93
petrolero	92
reina	91
berilio	91
carb√≥n	91
vidrio	90
hydrangea	90
discapacitados	90
prueba	90
sobre	90
pruebas	90
cables	90
coliflor	90
maracuy√°	89
aparatos	89
extrusiones	89
ruibarbo	88
d√©bil	88
higo	88
chalote	88
pegado	88
escarola	88
breva	88
crimson	88
granada	88
hortensia	87
coles	87
gerbera	87
iluminaci√≥n	87
extrusi√≥n	86
dimensionado	86
pr√≠ncipe	86
medidor	86
super	85
√≥ptica	85
jard√≠n	84
geranio	84
anaranjada	84
rayos	84
rubdeckia	84
banda	84
grafito	83
invierno	83
miel	83
conductos	83
m√≠nimamente	83
centro	83
white	82
v√°lvulas	82
yellow	81
equin√°cea	81
espollado	81
pink	81
emergencia	81
sangre	81
permanente	81
cinta	81
manejo	80
tratamiento	80
franc√©s	80
uvas	80
chirimoya	80
pel√≠cula	80
compuestos	80
s√≥nica	79
impacto	79
cer√°mica	79
pl√°ntulas	78
longiflorum	78
coraz√≥n	78
az√∫car	78
interpretaci√≥n	78
verano	78
plantas	78
ruby	77
enano	77
dispositivo	77
morado	76
proceso	76
guisante	76
perla	76
actividades	76
gesti√≥n	75
sencilla	75
semilla	75
cabeza	75
carga	75
globo	74
toronja	74
baja	74
protectores	74
el√©ctrico	74
agentes	74
cajas	74
mesas	74
perfiles	74
cemento	74
terapia	74
dentales	73
revestimiento	73
metales	73
industrial	73
naranjo	73
sierra	73
conexi√≥n	72
arandano	72
jersey	72
concreto	72
annona	72
material	72
oscuro	72
bola	72
circuito	72
c√°maras	71
frescas	71
el√©ctrica	71
pomelo	70
solvente	70
energ√≠a	70
unidad	69
cintas	69
hielo	69
protea	69
tornillo	69
clase	69
pinza	69
alimentos	69
c√°scara	69
hojas	69
largo	69
laminada	68
tipo	68
general	68
langosta	68
veh√≠culo	67
dorada	67
petr√≥leo	67
sweet	66
traductor	66
peras	66
rollo	66
persona	66
perdida	66
el√©ctricos	66
ferroso	65
soldados	65
contenedores	65
aparato	65
soportes	65
corte	65
juegos	65
agujas	65
√°cido	64
interruptor	64
muscat	64
lenteja	64
temperatura	64
pasto	64
pinzas	64
junio	64
tomate	64
n√∫cleo	63
corriente	63
delphinium	63
colocaci√≥n	63
video	63
floraci√≥n	63
gold	63
leucadendron	63
desarrollo	63
pesca	63
llama	63
bicolor	62
informaci√≥n	62
registro	62
iris	62
formaci√≥n	62
medidores	62
banana	62
hacer	62
quir√∫rgicos	61
allium	61
aleaciones	61
procesamiento	61
l√≠nea	61
bandejas	61
discos	61
enlatadas	60
aster	60
peonia	60
vac√≠o	60
envasadas	60
flamingo	60
mediante	60
brida	60
belleza	60
bloques	60
terciopelo	60
heliconia	60
soldado	59
jengibre	59
an√°lisis	59
conector	59
mostaza	59
tierra	59
dise√±o	59
llave	59
monitoreo	58
okra	58
repollo	58
estuches	58
mano	58
disco	58
ingenier√≠a	58
m√∫ltiple	58
tejidos	58
v√°stago	58
morada	58
automotriz	58
cabina	58
cebolleta	58
radio	58
high	57
c√°mara	57
transmisi√≥n	57
mecanizado	57
tapa	57
cidra	57
anturio	57
cuero	57
nueva	57
manzanas	57
santa	56
met√°licos	56
mesa	56
alquiler	56
programas	56
primavera	56
empaque	56
repollitas	56
flexible	56
muebles	56
hierba	56
corinto	56
juego	56
superficie	55
trabajo	55
combustible	55
procesada	55
anti	55
cacahuate	55
boca	55
temprana	55
conjuntos	55
maquinada	55
gladiolo	54
cirug√≠a	54
edificios	54
sujetadores	54
china	54
esterilizaci√≥n	54
anillo	54
puertas	53
polvo	53
engaste	53
agria	53
mantequilla	53
bario	52
sulfato	52
suelo	52
l√°mparas	52
flujo	52
extensi√≥n	52
francesa	52
resina	52
caja	52
ra√≠z	52
medio	52
cadena	52
delicia	52
zanahoria	51
estroncio	51
ruedas	51
papaya	51
grande	51
sensor	51
tanques	51
reactivos	51
samario	51
precisi√≥n	51
acceso	51
animales	51
ropa	51
voltios	50
tamarindo	50
filtro	50
black	50
sodio	50
escudo	50
redes	50
taladro	50
huevos	50
tapones	50
puerro	50
transferencia	50
citrones	50
star	50
met√°lica	50
grosella	49
prensado	49
l√≠quido	49
comida	49
zelandia	49
rehabilitaci√≥n	49
narciso	49
larga	49
man√≠	49
bridas	49
industriales	49
cristal	49
temprano	49
hinojo	48
acoples	48
√Åcido	48
preparaci√≥n	48
instrumento	48
pel√≠culas	48
gris	48
colirr√°bano	48
esp√°rragos	48
poro	48
viena	48
bandas	48
el√©ctricas	48
colinabo	48
adaptadores	48
investigaci√≥n	48
sandia	48
sensores	48
electr√≥nicos	47
planificaci√≥n	47
computador	47
cultivos	47
fundido	47
rodamiento	47
digital	47
pacientes	47
m√≥viles	47
puerta	46
moldeo	46
endoscopia	46
espa√±ol	46
s√≥dico	46
d√∫ctil	46
etiquetas	46
mejorado	46
calentadores	46
cardo	45
loro	45
recubrimiento	45
estudios	45
fresia	45
cuidado	45
compresi√≥n	45
inconel	45
concentrado	45
impresoras	45
ensamblaje	45
evaluaci√≥n	45
acetato	45
bombeo	45
ambiental	45
vino	45
marina	45
qu√≠micos	45
limpiadores	44
beb√©	44
primario	44
temporal	44
sello	43
extracci√≥n	43
publicidad	43
gabinetes	43
jacinto	43
vivos	43
blue	43
green	43
examen	43
monitores	43
vivas	43
dispensadores	43
circuitos	43
drenaje	43
paneles	43
pared	43
cuello	43
lady	43
brillante	43
cubiertas	43
princesa	43
cami√≥n	42
soluciones	42
cymbidium	42
tableros	42
brezo	42
ferrosas	42
probadores	42
freesia	42
hornos	42
inspecci√≥n	42
wasp	42
dental	42
barba	42
gladiola	42
asientos	42
instalaciones	42
cremon	42
corona	42
alberj√≥n	42
hast	42
celosia	42
bomba	42
algod√≥n	42
ventanas	42
lisianthus	42
cultivo	41
hastelloy	41
contaminaci√≥n	41
tuercas	41
cer√°mico	41
lentes	41
romero	41
jugo	41
montaje	41
distribuci√≥n	41
bebe	41
monta√±a	41
bayas	41
ar√°ndanos	41
planta	41
cocina	41
joya	40
est√°ndar	40
seneca	40
textiles	40
vegetales	40
micro	40
fracturaci√≥n	40
labrada	40
bloque	40
cuerpo	40
saskatoon	40
dendrobium	40
velocidad	40
v√°lvula	40
soldada	40
paquetes	40
tapas	40
mosqueta	40
blanc	40
controles	40
espuma	40
remachadas	40
recolecci√≥n	40
tel√©fonos	39
inmersi√≥n	39
puntas	39
cortador	39
vapor	39
ran√∫nculo	39
estiramiento	39
estantes	39
tel√©grafo	39
mineral	39
ba√±o	39
termopl√°stico	39
residuos	39
incendios	39
pantallas	39
veterinario	39
prevenci√≥n	39
hechas	39
tela	39
fluido	39
ganchos	39
aguas	39
computadores	39
centr√≠fuga	39
eustoma	39
madreselva	39
almohadillas	39
atornilladas	39
fijo	39
resistencia	39
brillo	38
automotrices	38
vacuna	38
frutas	38
drag√≥n	38
piel	38
se√±ales	38
medios	38
elaboraci√≥n	38
explosivos	38
chocolate	38
voltaje	38
hemodi√°lisis	38
microscopios	38
gu√≠a	38
alto	38
im√°genes	38
l√°mpara	38
termofraguado	38
bella	38
disparo	37
punta	37
extruido	37
torre	37
fondo	37
ba√±os	37
papeles	37
retractores	37
protector	37
rosas	37
oficina	37
comidas	37
enrollado	37
medicamentos	36
tablas	36
follies	36
queso	36
salvaje	36
fundiciones	36
calidad	36
clubes	36
tablero	36
alicates	36
an√©mona	36
zapote	36
estampado	36
cuerda	36
controladores	35
hilo	35
lila	35
profesional	35
digitales	35
valencia	35
renta	35
hidr√°ulicos	35
lavado	35
guantes	35
apache	35
reductor	35
pegada	35
cepillos	35
conectores	35
hidrocloruro	35
bloqueo	35
brocas	35
estructuras	35
neum√°ticos	35
elevadores	35
analizador	35
carritos	34
plataforma	34
tangelo	34
aguja	34
adaptador	34
mirtillo	34
sueco	34
cpvc	34
cloruro	34
audio	34
belle	34
compresores	34
final	34
hdpe	34
l√°ser	34
marcos	34
combinaci√≥n	34
s√≠smicos	33
cristo	33
memoria	33
punto	33
muestras	33
italiana	33
calzado	33
aquiles	33
calcio	33
correas	33
bebidas	33
dalia	33
premio	33
minuette	33
moldes	33
sweetheart	33
aislamiento	33
comerciales	33
abrazadera	33
llaves	33
camiones	33
matiola	33
entrenamiento	33
met√°licas	33
tuber√≠as	33
nacional	33
pimiento	33
succi√≥n	33
euphorbia	33
gu√≠as	33
vert	32
septiembre	32
taro	32
prensa	32
consultor√≠a	32
acedera	32
galvanizada	32
navel	32
piedra	32
chandler	32
dibujo	32
perno	32
adhesivos	32
borde	32
focke	32
cresta	32
hubbard	32
comunicaci√≥n	32
artic	32
agosto	32
sensation	32
tejido	32
laminado	32
cat√©teres	32
gallo	32
frescos	32
olor	32
claus	32
detroit	32
cebollas	32
lodo	32
bajo	32
arandanos	32
cardos	32
mamut	32
tarde	32
tinta	32
varillas	32
clutha	32
alimentaci√≥n	32
light	32
escaramujo	32
henry	32
alaz√°n	32
blenheim	32
aronia	32
manzano	32
roma	32
neum√°tico	32
antiguo	32
manuales	32
berros	32
dedo	32
pickling	32
york	32
modelos	32
cheltenham	32
elegante	31
eliminaci√≥n	31
redonda	31
capa	31
naturales	31
identificaci√≥n	31
matem√°ticas	31
componente	31
plataformas	31
ox√≠geno	31
incubadoras	31
lectura	31
frecuencia	31
abierto	31
telecomunicaciones	31
sellos	31
ayudas	31
brittany	31
misi√≥n	31
formas	31
torno	31
radiaci√≥n	31
dark	31
coco	31
autom√≥viles	31
alicante	31
fire	31
bright	30
grabadoras	30
bases	30
integrado	30
australiano	30
banksia	30
belgii	30
l√≠neas	30
bromelia	30
rico	30
terreno	30
mediterr√°nea	30
tornillos	30
garnet	30
alhel√≠	30
asociaciones	30
educaci√≥n	30
mangueras	30
pasta	30
fucsia	30
fr√≠jol	30
victoria	30
transportadora	30
estaciones	30
manzanilla	30
pisos	30
novi	30
maleable	30
varilla	30
ajedrezada	30
isotr√≥pica	30
gallina	29
ni√±o	29
burgundy	29
pantalla	29
programaci√≥n	29
sondas	29
mina	29
contenedor	29
cara	29
fibras	29
generador	29
engranajes	29
cherry	29
cerrado	29
medir	29
ventilaci√≥n	29
rodillos	29
reducci√≥n	29
bancos	29
ni√±os	29
electro	29
motores	29
concha	29
port√°tiles	29
manual	29
marcadores	28
pata	28
salm√≥n	28
anillos	28
ventiladores	28
sapote	28
aeronaves	28
laboratorios	28
rose	28
king	28
remachados	28
controlador	28
auto	28
pistola	28
martillo	28
terminaci√≥n	28
arandelas	28
cubierta	28
gema	28
champagne	28
bolsa	28
california	28
frijol	28
cinc	28
remolque	28
refacciones	28
est√°ndares	28
detectores	28
silicona	28
coreano	28
calibradores	28
detecci√≥n	28
persa	28
asistencia	28
autopartes	28
relojes	27
enfermedades	27
suave	27
repuestos	27
amber	27
latin	27
te√±ido	27
pegados	27
generadores	27
barbada	27
forros	27
tijeras	27
melon	27
cordero	27
art√≠culos	27
dianthus	27
h√≠brida	27
nivel	27
auyama	27
fiesta	27
rouge	27
humedad	27
uni√≥n	27
pol√≠meros	27
aplicaciones	27
almacenaje	27
mujer	27
anastasia	27
otros	27
natural	27
alambres	27
tres	27
campana	27
br√≥coli	27
sencillo	27
pantano	27
ganado	27
bouquet	27
leche	27
central	27
forsythia	27
bulbo	27
rieles	27
rel√©	27
campos	27
columna	27
contadores	27
hiniesta	27
americano	26
operaci√≥n	26
plata	26
direccional	26
arco	26
especial	26
fijaci√≥n	26
horno	26
asistida	26
peligrosos	26
chinos	26
sonata	26
luna	26
estudio	26
misty	26
jumbo	26
nube	26
plana	26
rescate	26
autom√°tico	26
romana	26
aves	26
membrillo	26
estirada	26
neodimio	26
electr√≥nico	26
carmelito	26
atornillados	26
orgullo	26
mayo	26
platos	26
moldeados	26
textil	26
espec√≠menes	26
vigas	26
seguros	26
internet	26
petrol√≠fero	26
hombre	26
oft√°lmico	26
jade	26
trajes	26
salud	26
separadores	26
t√©rmico	26
televisi√≥n	26
multi	26
cat√©ter	26
chorro	26
cortina	26
jeringas	26
freno	26
separador	25
chioggia	25
azules	25
secadores	25
transformador	25
did√°cticos	25
integrados	25
prendas	25
cadenas	25
ni√±a	25
hidr√°ulica	25
brazo	25
magic	25
virginia	25
follaje	25
color	25
pinturas	25
rodillo	25
techo	25
alterna	25
encuadernaci√≥n	25
venta	25
mecanizados	25
desoxirribonucleico	25
bobina	25
implantes	25
cuchillas	25
estaci√≥n	25
mena	25
long	25
llantas	25
movimiento	25
tr√°iler	25
dinero	25
plume	25
le√≥n	25
derecho	25
lingote	25
aceites	25
cruz	25
guayaba	25
sillas	25
arcilla	25
calabazas	25
cierre	25
deportivos	25
anisotr√≥pica	25
industria	25
especiales	25
cal√©ndula	24
beb√©s	24
enfriamiento	24
bihai	24
boston	24
katy	24
frascos	24
maquina	24
interior	24
a√©rea	24
guardada	24
imperial	24
mono	24
rastrera	24
helecho	24
matriz	24
haas	24
lisbon	24
codos	24
stayman	24
sicilian	24
mesilato	24
prima	24
pegadas	24
detector	24
albaricoques	24
gros	24
durante	24
craig	24
rayas	24
broca	24
sauvignon	24
cascabel	24
alpine	24
diagn√≥stico	24
nuclear	24
beauty	24
pinot	24
acerico	24
escabiosa	24
derby	24
savoy	24
tracci√≥n	24
bi√©rcol	24
scotch	24
spartan	24
florida	24
siempreviva	24
flores	24
cauc√°sica	24
infusi√≥n	24
oliver	24
valentina	24
vigilancia	24
bing	24
grasa	24
saramuyo	24
cuchillos	24
potencia	24
forjadas	24
accesorio	24
gayuba	24
emperatriz	24
pernos	24
bramley	24
irrigaci√≥n	24
hudson	24
caribe	24
sonido	24
granadilla	24
onward	24
indicadores	24
pippin	24
poppy	24
tr√°fico	24
aj√≠	24
canguro	24
clavelina	24
plantilla	23
pistolas	23
probar	23
intravenosos	23
escritura	23
triumph	23
paprika	23
reciclaje	23
tiras	23
alcohol	23
fuentes	23
columnas	23
fuerza	23
contacto	23
calefacci√≥n	23
modulares	23
americana	23
cortar	23
cortadores	23
piso	23
salida	23
relevador	23
elementos	23
correo	23
organizadores	23
adhesivo	23
cord√≥n	23
proyectos	23
botellas	23
baldosas	23
telas	23
cortados	23
magn√©tica	23
bartlette	23
musicales	23
limpiador	23
girasol	23
perforados	23
real	23
buques	23
aplicaci√≥n	23
gancho	23
estampados	23
√≥pticos	23
remodelaci√≥n	23
tanjelo	23
m√∫ltiples	23
ensamblajes	23
ancha	22
m√©dica	22
granel	22
monte	22
gases	22
reguladores	22
cilindro	22
lisa	22
soya	22
luces	22
pantalones	22
siberia	22
port√°til	22
densidad	22
computadoras	22
kyoto	22
puestos	22
escobas	22
rollos	22
elevaci√≥n	22
cielo	22
aviones	22
cableado	22
forestal	22
m√≥vil	22
todo	22
cross	22
tierno	22
centros	22
reacci√≥n	22
inodoro	22
fosfato	22
√°rboles	22
sinterizada	22
congeladores	22
electricidad	22
malla	22
√≥ptico	22
cobra	22
lepto	22
arterial	22
suministro	22
medida	22
monedas	22
repuesto	22
cama	22
direcci√≥n	22
calibrador	22
habilidades	22
carnaval	22
queensland	22
qu√≠mico	22
serpiente	22
comunicaciones	22
bater√≠as	22
b√°sculas	21
resonancia	21
espejos	21
gran	21
com√∫n	21
dream	21
alfombras	21
centr√≠fugas	21
v√≠as	21
taladros	21
tomograf√≠a	21
personas	21
fruit	21
mariposa	21
night	21
interruptores	21
reagan	21
cart√≥n	21
vanda	21
crystal	21
disa	21
delicioso	21
temporales	21
coral	21
expansi√≥n	21
espinal	21
acoplamiento	21
ultrasonido	21
tambor	21
alerta	21
oveja	21
boquillas	21
recipientes	21
citrato	21
gypsophilia	21
fresas	21
pimienta	21
puntos	21
mec√°nico	21
humanos	21
creaci√≥n	21
potasio	21
caballo	21
compuesto	21
l√≠quidos	21
dulces	21
carretera	21
bamb√∫	21
legales	21
hidrost√°tica	21
ondas	21
larkspurs	21
espalda	21
semi	21
fluidos	21
godetia	21
plano	21
delfinio	21
fundas	21
mezcladores	21
acci√≥n	21
buque	21
casetes	21
apoyo	21
golden	21
cocinar	21
cosecha	20
vainas	20
hardware	20
vestir	20
ambientales	20
ojos	20
roble	20
garaje	20
directa	20
ladrillos	20
gravedad	20
brandy	20
tanque	20
cromatograf√≠a	20
operaciones	20
tablillas	20
cabezas	20
rodamientos	20
ancho	20
revestimientos	20
abrazaderas	20
autom√°tica	20
blancobark	20
quir√∫rgicas	20
mezcla	20
compactos	20
destornillador	20
john	20
dientes	20
preciosos	20
patriot	20
sunset	20
navegaci√≥n	20
zinia	20
rojos	20
embalaje	20
pimientos	20
onda	20
golf	20
patrones	20
sitio	20
postes	20
polietileno	20
absorbentes	20
escritorio	20
petroleros	20
roca	20
marco	20
juntas	20
cuentas	20
muelles	20
doblado	20
tierras	20
m√°scaras	20
trenzado	20
relleno	20
c√©lulas	20
hidr√°ulico	20
personales	20
vectores	20
enrollados	19
toro	19
terminales	19
conjunto	19
separaci√≥n	19
ortodoncia	19
distancia	19
tazas	19
blush	19
miner√≠a	19
manganeso	19
shirley	19
comestible	19
junta	19
conservaci√≥n	19
oscura	19
oft√°lmica	19
heridas	19
tabasco	19
hilado	19
exteriores	19
amsterdam	19
poli√©ster	19
peach	19
fase	19
animal	19
compresas	19
pist√≥n	19
emplazamientos	19
autopsias	19
efecto	19
marcador	19
italiano	19
indicador	19
amaranto	19
mirto	19
mezclas	19
vestidos	19
lulu	19
panel	19
filtraci√≥n	19
tiempo	19
lingotes	19
electrodos	19
f√≠sica	19
desechos	19
purificaci√≥n	19
kentucky	19
term√≥metros	19
montura	19
empresas	19
ortop√©dico	19
scarlet	19
cabello	19
histolog√≠a	19
asesoramiento	19
escariador	19
r√°bano	19
washington	19
descarga	19
deportes	19
escaleras	19
soldar	19
emplazamiento	19
cuarto	19
t√©rmica	19
jubileo	19
√°ngulo	19
hidroformados	19
ferrocarril	19
marfil	19
orquidea	19
pl√°stica	19
met√°lico	19
protectoras	19
eucalipto	19
beau	19
artista	19
utensilios	19
tuerca	19
forma	19
centrifugados	19
indian	19
basados	19
perforado	19
radiactivos	19
diente	19
mapas	19
tabaco	18
maleato	18
electrocardiograf√≠a	18
tabletas	18
pilas	18
egipcio	18
ayuda	18
l√°pices	18
gabinete	18
embrague	18
agar	18
guadalajara	18
goma	18
bel√©n	18
plato	18
tratadas	18
marcado	18
di√°lisis	18
pesas	18
soluci√≥n	18
turco	18
gr√°ficos	18
maguey	18
programable	18
recreo	18
brodiaea	18
tabla	18
terminal	18
exterior	18
mocara	18
bordes	18
centrales	18
bala	18
sizzle	18
palanquilla	18
cabra	18
ca√≠da	18
arachnis	18
pol√≠mero	18
superficies	18
guinea	18
berzelia	18
terminado	18
di√≥xido	18
campanulata	18
ingl√©s	18
lana	18
eryngium	18
molduras	18
tama√±o	18
sugar	18
roscada	18
espaciador	18
casa	18
ornamentales	18
√°cidos	18
entrega	18
casco	18
grabado	18
cascos	18
polivinilo	18
cinia	18
superior	18
erica	18
bolas	18
picasso	18
roll	18
japonesa	18
s√≥dica	18
porta	18
cortadoras	18
giratorias	18
implante	18
anclaje	18
latas	18
carreteras	18
galletas	18
referencia	18
cerramiento	18
cortinas	18
batas	18
√Ångulos	18
arteriales	18
carros	18
muelle	18
seda	18
mozart	18
reconocimiento	18
vendajes	18
lavander√≠a	18
muscari	18
flash	18
caf√©	18
computadora	18
marinos	18
empaques	17
juguete	17
flotaci√≥n	17
limpiar	17
cuchilla	17
pl√°sticos	17
vida	17
repisa	17
hora	17
impresora	17
llenado	17
escape	17
telefon√≠a	17
sue√±o	17
puente	17
registros	17
horizontal	17
huellas	17
bicicletas	17
sustitutos	17
fusible	17
tester	17
dispensador	17
appaloosa	17
limequat	17
residuales	17
puertos	17
termoestable	17
brotes	17
casta√±a	17
resorte	17
educativos	17
asesor√≠a	17
perfecci√≥n	17
biselado	17
agr√≠colas	17
inserci√≥n	17
cont√≠nua	17
retenci√≥n	17
pasadores	17
vista	17
manila	17
aplicadores	17
asfalto	17
documentos	17
carne	17
intravenosa	17
gr√∫a	17
cilindros	17
qu√≠mica	17
flaming	17
m√©dicas	17
guayabas	17
desperdicios	17
esmeralda	17
desechables	17
perfusi√≥n	17
sint√©tico	17
albahaca	17
procedimientos	17
derivados	17
removedores	17
endosc√≥picos	17
posicionamiento	17
arrendamiento	17
picante	17
l√≠quida	17
visi√≥n	17
did√°cticas	17
mauntain	17
rayo	17
fundida	17
gamay	17
tecnolog√≠a	17
amarga	17
duque	17
extra	17
electr√≥nicas	17
tintas	17
resinas	17
escribir	17
panal	17
mielmadera	16
thai	16
timperley	16
beauregard	16
mulberry	16
sultana	16
remate	16
warty	16
serrano	16
s√°bila	16
perpetual	16
f√°rmacos	16
cushaw	16
sutton	16
paleleaf	16
catalina	16
acelgas	16
lone	16
amyma	16
brigitta	16
unique	16
feast	16
jaffa	16
egipcia	16
neum√°tica	16
williams	16
blake	16
bullase	16
nelson	16
alga	16
earlicot	16
prensas	16
fine	16
amberlea	16
ruptura	16
falstaff	16
alfonso	16
derechos	16
vereduna	16
burpees	16
hyacinth	16
lula	16
nafplion	16
romanesco	16
loretta	16
favorite	16
castlebrite	16
chiggia	16
bluecrop	16
ishikura	16
zorrillo	16
oratia	16
nyons	16
bluetta	16
bonel	16
boltardy	16
nominant	16
gota	16
fuyu	16
curvado	16
pinkeye	16
alverjas	16
√ëames	16
serba	16
smith	16
rugosa	16
okinawan	16
michel	16
cerignola	16
berber√≠s	16
kandy	16
modesto	16
korila	16
nicoise	16
organizaciones	16
fomanova	16
feltham	16
jerrahdale	16
florencia	16
mcintosh	16
continua	16
dina	16
frenso	16
moorpark	16
lessand	16
thiessen	16
guines	16
oval	16
pancalieri	16
cascara	16
clavos	16
d√©gypte	16
sucrier	16
bagatelle	16
zarzamoras	16
dirksen	16
moro	16
aurea	16
dapple	16
zafiro	16
empeltre	16
whangaparoa	16
repollos	16
espa√±ola	16
tecnolog√≠as	16
rampart	16
chilaca	16
chataigne	16
blair	16
cracked	16
azur	16
pitahaya	16
provencal	16
citade	16
preparados	16
turban	16
murcott	16
corrosi√≥n	16
marmande	16
ananasnaja	16
chenault	16
jordanne	16
seracena	16
lambertin	16
thomless	16
bronceada	16
batavian	16
kobold	16
winesap	16
fresno	16
tilden	16
solar	16
poblano	16
northcountry	16
bonny	16
pronto	16
bearss	16
lucque	16
issai	16
atropurpurea	16
√°rtico	16
karela	16
fremont	16
calderas	16
gobbi	16
meryland	16
verdolaga	16
verdona	16
barababiotela	16
hiromi	16
bushakan	16
lingon	16
meiwa	16
cornichon	16
cavendish	16
hull	16
tomcot	16
pilgrim	16
stevens	16
arauco	16
reinette	16
bardajic	16
gherkin	16
celular	16
ponentine	16
interiores	16
freisee	16
chicago	16
maraichere	16
cornet	16
contabilidad	16
crimsom	16
monograma	16
hokus	16
carpetas	16
disolvente	16
mec√°nica	16
capacitaci√≥n	16
kura	16
relaciones	16
gaeta	16
acorn	16
lacatan	16
cilindra	16
diane	16
biluda	16
sanda	16
brooks	16
searless	16
rubine	16
tokyo	16
buen	16
shaft	16
pygmy	16
agrinion	16
biquini	16
sapo	16
fina	16
robada	16
marche	16
saba	16
oreg√≥n	16
ch√≠charos	16
crowder	16
habichuelas	16
kadota	16
riland	16
virus	16
taylors	16
antenas	16
pasas	16
belstville	16
conadria	16
tel√©fono	16
regal√≠a	16
bater√≠a	16
wescelkkopf	16
marvel	16
westley	16
linda	16
ambrosia	16
albina	16
mandarinas	16
parigi	16
burton	16
computarizada	16
rumbo	16
casquillos	16
zipper	16
tokio	16
conductor	16
david	16
majestuosa	16
minibel	16
pasilla	16
embarcaciones	16
northsky	16
mentor	16
macdonald	16
elemento	16
√©bano	16
kabocha	16
sevillano	16
tracy	16
massy	16
wallone	16
zwolle	16
mec√°nicos	16
reretai	16
pisang	16
brier	16
earliman	16
russet	16
amigo	16
ciruelas	16
semil	16
warted	16
d√©tampes	16
navaho	16
kampong	16
legacy	16
pipeta	16
concord	16
acre	16
primer	16
stark	16
hierbas	16
centrifuga	16
penca	16
verona	16
trero	16
chiquita	16
se√±alizaci√≥n	16
lanro	16
peer	16
desplazamiento	16
northline	16
calimyma	16
riccia	16
widgeon	16
helena	16
illini	16
kent	16
jete	16
mcfarling	16
limnoe	16
burro	16
curcibita	16
witloof	16
negros	16
riesling	16
dominico	16
lear	16
ex√°menes	16
lungo	16
ambercot	16
solaise	16
chasselas	16
burpless	16
valenciano	16
a√±o	16
reuzensuiker	16
recto	16
anjou	16
hayward	16
alberto	16
mamey	16
ligurian	16
leona	16
palstein	16
mobiliario	16
batatas	16
ailsa	16
tumbler	16
atl√°ntico	16
coronado	16
hanna	16
tiny	16
marzano	16
korean	16
cavalier	16
o√≠dos	16
nabos	16
akane	16
snap	16
dock	16
guajillo	16
tilton	16
papas	16
asombro	16
ruffee	16
fresadora	16
centennial	16
kona	16
campe√≥n	16
naranjas	16
levadura	16
shoukan	16
habanero	16
predominantes	16
modelado	16
escuelas	16
cortadora	16
gynt	16
pepinos	16
kalamata	16
tigerella	16
dom√©sticos	16
cristales	16
forono	16
danimas	16
burnet	16
org√°nic	16
kapia	16
poliestireno	16
scarola	16
calvo	16
rowel	16
zapatos	16
himalaya	16
atena	16
northblue	16
post	16
atlanta	16
nema	16
leaved	16
burtons	16
p√°palo	16
ponderosa	16
rival	16
mixta	16
nitrato	16
hurst	16
olallie	16
yamato	16
baldwin	16
malaga	16
botella	16
cherokee	16
arbequina	16
georgia	16
perfection	16
mysore	16
lugano	16
dombito	16
howe	16
especializados	16
etrog	16
purple	16
picholine	16
diego	16
regina	16
lunghi	16
rejilla	16
beefsteak	16
indio	16
contador	16
bordeaux	16
loma	16
tensi√≥n	16
troquelado	16
prelina	16
sugarloaf	16
florunner	16
arrastre	15
retama	15
bouvardia	15
pelo	15
lysimachia	15
vagones	15
joyer√≠a	15
gr√°ficas	15
menta	15
archivo	15
valley	15
procesadores	15
sierras	15
ryby	15
eleonora	15
simuladores	15
sexy	15
lanuginosa	15
nitr√≥geno	15
brecina	15
bandeja	15
campanilla	15
lavender	15
fieltros	15
paso	15
ostom√≠a	15
m√∫sica	15
amor	15
mimosa	15
tallo	15
comestibles	15
football	15
phlox	15
casas	15
bibliotecas	15
impermeable	15
dep√≥sitos	15
trompetilla	15
elevador	15
deslizante	15
cola	15
forestales	15
agr√≠cola	15
l√≥gico	15
monitor	15
speciosa	15
seguro	15
malva	15
collection	15
scilla	15
viuda	15
cartas	15
multipuerto	15
asiento	15
beta	15
astilbe	15
ensayo	15
moras	15
hormig√≥n	15
clasificaci√≥n	15
certificados	15
cabenet	15
tira	15
techos	15
falsa	15
inserto	15
pasajeros	15
kong	15
tanaceto	15
salas	15
rosales	15
uniformes	15
cruces	15
moldura	15
nagami	15
inflador	15
acabado	15
brazos	15
generales	15
media	15
granny	15
dedos	15
bromuro	15
electr√≥nica	15
joven	15
√Årbol	15
sedum	15
maggie	15
rondanas	15
suelos	15
baleros	15
infrarrojos	15
asclepia	15
cream	15
curiosa	15
eremurus	15
escalera	15
shocking	15
sicilia	15
arte	15
presentaci√≥n	15
permanentes	15
love	15
chatarra	15
canal	15
colorantes	14
discapacitadas	14
nylon	14
dotado	14
botas	14
husa	14
m√≥dulos	14
n√∫meros	14
vinilo	14
poliamida	14
eventos	14
jamaica	14
colores	14
turkey	14
paredes	14
circulaci√≥n	14
lechones	14
borradores	14
s√≥lidos	14
petit	14
etileno	14
brown	14
v√°stagos	14
convertidores	14
costa	14
acr√≠lico	14
ac√∫stica	14
rel√©s	14
pelotas	14
ducha	14
tap√≥n	14
tartrato	14
remaches	14
estuche	14
secado	14
amfisa	14
espacio	14
aleppo	14
expresi√≥n	14
kerstings	14
parques	14
torsi√≥n	14
banco	14
gamma	14
remoci√≥n	14
tazones	14
waxy	14
bambino	14
bambara	14
tiro	14
ultravioleta	14
hondoelia	14
armarios	14
multimedia	14
brabum	14
purpura	14
pluma	14
reductora	14
lavadoras	14
biopsia	14
anteojos	14
jalape√±o	14
expendedoras	14
martillos	14
ventana	14
restauraci√≥n	14
entrada	14
solo	14
refrigeraci√≥n	14
greensleeves	14
suspensi√≥n	14
manualidades	14
queen	14
cucharas	14
fluorescente	14
calibraci√≥n	14
paula	14
angel	14
minas	14
magn√©tico	14
patterson	14
pascua	14
vibraci√≥n	14
√≥xido	14
polipropileno	14
hogar	14
palanquillas	14
tarjeta	14
raspadores	14
automotores	14
merlot	14
cascada	14
amortiguadores	14
stars	14
orlando	14
chays	14
toma	14
prime	14
dactilares	14
profesor	14
blanche	14
tarifa	14
sensaci√≥n	14
toscanella	14
hoyo	14
sujeci√≥n	14
tinturas	14
fantasia	14
bianca	14
estructural	14
magn√©ticos	14
pummulo	14
fuch	14
smoothey	14
turbina	14
chili	14
comprensi√≥n	14
inducci√≥n	14
argentina	14
diafragma	14
summer	14
ollas	14
cementaci√≥n	14
remachada	14
quemadores	14
clip	13
mezcladoras	13
grano	13
transformaci√≥n	13
recubrimientos	13
gatos	13
poliuretano	13
pulidora	13
alarma	13
carcasas	13
microondas	13
toallas	13
cuerdas	13
pr√≥tesis	13
pipetas	13
hvac	13
agujerado	13
mezclado	13
platino	13
galvanizado	13
ajuste	13
f√≥rceps	13
vasos	13
josta	13
activadores	13
planchas	13
macho	13
√≥rganos	13
subterr√°neo	13
exploraci√≥n	13
agente	13
pesquera	13
suplementos	13
s√≠lice	13
bacterias	13
deslizamiento	13
noche	13
capacitor	13
empacar	13
√ìxido	13
disposici√≥n	13
encajada	13
radiol√≥gica	13
desarmador	13
princess	13
lente	13
resucitaci√≥n	13
deliciosa	13
largos	13
gubernamentales	13
cepillo	13
regulador	13
impuesto	13
consola	13
arranque	13
finger	13
basura	13
camisas	13
clips	13
vara	13
cinturones	13
honorarios	13
fusibles	13
delicious	13
adhesivas	13
fichas	13
prensada	13
vegetal	13
trabajos	13
estante	13
mensajes	13
arbusto	13
amarre	13
hueso	13
servidor	13
candados	13
extractores	13
ciegas	13
cubos	13
manipulaci√≥n	13
esp√°tulas	13
ejes	13
remover	13
esp√©culos	13
deflectores	13
time	13
miniatura	13
esterilizador	13
manos	13
aerosol	13
slickline	13
arandela	13
chasis	13
estireno	13
fertilizante	13
fracciones	13
frenos	13
aletas	13
magn√©ticas	13
paciente	13
barcos	13
diodos	13
variegada	13
pavo	13
inyector	13
estimulaci√≥n	13
esferos	13
biolog√≠a	13
christmas	13
patios	13
baile	13
diesel	13
acabados	13
v√≠a	13
calles	13
desecho	13
rodilla	13
hembra	13
logan	13
mundial	13
barberries	13
tiza	13
a√©reas	13
pulso	13
ladrillo	13
acampar	13
glow	12
se√±al	12
limas	12
aficionados	12
lavar	12
agave	12
plasma	12
tango	12
gloriosa	12
trituradores	12
elite	12
billetes	12
telef√≥nicas	12
nogal	12
respuesta	12
niples	12
jack	12
adquisici√≥n	12
chimeneas	12
corcho	12
doppler	12
calcynia	12
obake	12
gryclesik	12
punzones	12
a√©reo	12
grado	12
hong	12
banano	12
colgante	12
serigraf√≠a	12
jos√©	12
juan	12
ribetes	12
cl√≠nico	12
watsonia	12
brasil	12
intercambiadores	12
muestreadores	12
vis√≥n	12
naomi	12
palma	12
calibre	12
dutch	12
corta	12
mascotas	12
stargazer	12
mercurio	12
tenazas	12
versilia	12
trampas	12
oakleaf	12
caribea	12
nucleico	12
rotativas	12
donna	12
lingulata	12
despliegue	12
mezcladora	12
afiches	12
pride	12
gr√∫as	12
par√≠s	12
akito	12
japanese	12
cestrum	12
conversi√≥n	12
rellenos	12
vallota	12
edici√≥n	12
algodoncillo	12
jungle	12
sulfuro	12
majestic	12
verificaci√≥n	12
verdes	12
cr√≠a	12
femoral	12
proyectores	12
huevo	12
pur√©	12
sonatini	12
fotograf√≠a	12
planeaci√≥n	12
auditivos	12
glaucescens	12
profesionales	12
cairo	12
iones	12
l√°tex	12
submarinos	12
etiquetado	12
satsuma	12
dolly	12
finess	12
claw	12
cargadores	12
montana	12
camino	12
mensajer√≠a	12
t√©cnico	12
cobijas	12
granos	12
cypripedium	12
testigos	12
conductores	12
ambiance	12
chiles	12
electromagn√©tica	12
necesidades	12
algas	12
carro	12
remolques	12
edificio	12
promoci√≥n	12
empalme	12
hebra	12
impreso	12
removedor	12
pacific	12
molinos	12
esc√°neres	12
anestesia	12
brunia	12
minneola	12
atornillada	12
servidores	12
cr√©dito	12
oficinas	12
humo	12
entomolog√≠a	12
relevadores	12
nuget	12
atlantis	12
whitebark	12
espejo	12
costura	12
party	12
decorativos	12
mikado	12
doradoen	12
r√°pido	12
sat√≠n	12
refrigeradores	12
honebelle	12
pivotes	12
artificiales	12
montbretia	12
physostegia	12
libertad	12
atardecer	12
insertos	12
camas	12
frutos	12
lydia	12
inhibidores	12
moldeada	12
sat√©lites	12
estampillas	11
pulmonar	11
cartuchos	11
sobres	11
rosita	11
funci√≥n	11
alimento	11
tren	11
mortem	11
intensidad	11
c√°nulas	11
acondicionado	11
colector	11
conmutadores	11
paquete	11
sutura	11
helic√≥pteros	11
llamadas	11
vuelo	11
calipso	11
hongos	11
dotaci√≥n	11
tallos	11
externa	11
variegado	11
inorg√°nicos	11
gobo	11
local	11
tambores	11
expreso	11
stents	11
peces	11
tesoro	11
salvavidas	11
reacondicionamiento	11
leasing	11
concorde	11
horticultura	11
peso	11
estrellas	11
sellante	11
manga	11
impresos	11
destilaci√≥n	11
arroz	11
microbiolog√≠a	11
otras	11
fotograf√≠as	11
ginseng	11
geles	11
laurel	11
troqueles	11
electrones	11
lavadora	11
muestreo	11
estructura	11
absorci√≥n	11
transformadores	11
pagoda	11
nave	11
para√≠so	11
insectos	11
cuatro	11
emerald	11
gala	11
submarino	11
te√±ir	11
coladores	11
hoyos	11
young	11
blanqueado	11
obediente	11
gasolina	11
palabras	11
filmado	11
planos	11
acuarela	11
polimerasa	11
transportar	11
m√≥dulo	11
pixie	11
centr√≠fugos	11
geisha	11
marion	11
confite	11
amanecer	11
procesador	11
pulpa	11
poste	11
peritoneal	11
masa	11
esc√°ner	11
escabeche	11
cabezales	11
conexiones	11
riel	11
balanzas	11
archivos	11
torque	11
alimentador	11
nana	11
giratorio	11
lija	11
agencias	11
esponjas	11
dandy	11
lubricantes	11
contenido	11
fricci√≥n	11
pasador	11
catalizadores	11
mouse	11
tinto	11
chaquetas	11
grasas	11
aloha	11
oft√°lmicos	11
muros	11
tratamientos	11
albion	11
primaria	11
mirage	11
cople	11
italia	11
s√≥lido	11
james	11
laborales	11
hall	11
musgo	11
pastas	11
congelaci√≥n	11
arneses	11
lechada	11
pulidoras	11
marcar	11
articulaci√≥n	11
azulejos	11
peque√±a	11
huckleberry	11
hidr√°ulicas	11
clara	11
tomillo	11
decoraci√≥n	11
respaldo	11
extractos	11
aditivo	11
fantasy	11
excavadoras	11
beso	11
sellado	11
manguera	11
alfabeto	11
limpiaparabrisas	11
ginger	11
demostraci√≥n	11
naranjos	11
uretano	11
objetivos	11
ping	11
folders	11
mangas	11
carteleras	11
grabadora	11
tuberosa	11
enfriadores	10
juguetes	10
pastel	10
enchufe	10
supreme	10
polo	10
cochinos	10
endosc√≥pica	10
baldes	10
abrasivos	10
zapatas	10
cuchara	10
centralizador	10
lineal	10
cl√≠nicos	10
armaz√≥n	10
barrera	10
bosques	10
puentes	10
ex√≥tica	10
wintergreen	10
hacia	10
tendido	10
apple	10
capacidad	10
curry	10
anclajes	10
fijas	10
perejil	10
internacionales	10
sundrop	10
garbanzo	10
prote√≠nas	10
vascular	10
aprendizaje	10
bol√≠grafos	10
ventilador	10
peque√±os	10
interferencia	10
viajes	10
conformal	10
residencias	10
humano	10
piedras	10
portaobjetos	10
rueda	10
part√≠culas	10
planes	10
restricci√≥n	10
transportador	10
sujetador	10
corrugado	10
acu√°ticos	10
especies	10
reactores	10
privadas	10
riego	10
lengua	10
delisioso	10
pago	10
pero	10
semiacoplamientos	10
hospital	10
piscinas	10
wheat	10
transistores	10
procesos	10
gravenstain	10
neum√°ticas	10
b√≥vedas	10
h√©lice	10
recintos	10
pasteles	10
harina	10
alarmas	10
total	10
blancos	10
interface	10
orina	10
tartarian	10
cadera	10
inclinaci√≥n	10
nucleares	10
extractor	10
dual	10
reducciones	10
tapetes	10
especias	10
maquinas	10
sal√≥n	10
mercanc√≠as	10
intravenoso	10
nutrici√≥n	10
n√≠speros	10
patines	10
coples	10
esterilizadores	10
sociales	10
h√∫ngaro	10
termopl√°sticos	10
bloqueadores	10
quir√∫rgica	10
perforadora	10
vertical	10
nido	10
ang√©lica	10
transfusi√≥n	10
acidificaci√≥n	10
acetabular	10
barco	10
desnudo	10
sustancias	10
fino	10
internacional	10
resistentes	10
olivo	10
balones	10
emperador	10
morr√≥n	10
africana	10
carrete	10
roscado	10
sujeta	10
cremas	10
triple	10
lateral	10
carburo	10
disecci√≥n	10
preparar	10
tailand√©s	10
carteles	10
atenci√≥n	10
parrillas	10
artesan√≠a	10
libre	10
lactato	10
botes	10
ferroviario	10
artificial	10
autom√°ticos	10
clavo	10
cilantro	10
deportivo	10
aeronave	10
coronas	10
rica	10
glasrey	10
offset	10
vinotinto	10
chanchos	10
nopal	10
trampa	10
taburetes	10
s√≥lida	10
historia	10
termo	10
saponaria	10
casete	10
kumquats	10
ciencias	10
viaje	10
lenguaje	10
ventas	10
burgundi	10
manijas	10
cartucho	10
inversiones	10
raspador	10
pescado	10
sondeo	10
canastas	10
buceo	10
amortiguador	10
alas	9
ori√≥n	9
explotaci√≥n	9
recubierta	9
amazon	9
airbag	9
rosca	9
triunfo	9
acondicionadores	9
astrantia	9
majestuoso	9
ajenjo	9
cateterizaci√≥n	9
lector	9
mexicano	9
terminador	9
combustibles	9
arquitectura	9
plagas	9
generaci√≥n	9
maraca	9
fashion	9
naves	9
parcela	9
trachelium	9
lanzamiento	9
mambo	9
transistor	9
dordogne	9
medidoras	9
fr√≠joles	9
composici√≥n	9
velvet	9
clases	9
marr√≥n	9
l√°piz	9
intuition	9
ac√∫sticos	9
alfiletero	9
convertidor	9
simulador	9
corazon	9
mar√≠timo	9
almohadas	9
erizo	9
alchimilla	9
grand	9
cezanne	9
mariscos	9
piqu√≠n	9
estanter√≠a	9
almacenar	9
amonio	9
zanahorias	9
cacerolas	9
asbesto	9
ballesteros	9
everest	9
sopa	9
dick	9
parafina	9
ceras	9
limones	9
formatos	9
abajo	9
pistones	9
polygonato	9
abrasivas	9
mirtillos	9
bachillerato	9
coagulaci√≥n	9
guar	9
tropical	9
c√©sped	9
grapas	9
dormir	9
c√∫rcuma	9
financiero	9
aislaci√≥n	9
suelta	9
bonnet	9
te√±ida	9
divisi√≥n	9
choque	9
geof√≠sicos	9
solidago	9
jugos	9
majolica	9
amplificador	9
s√∫per	9
sala	9
camillas	9
ixia	9
pico	9
mountain	9
fluorescentes	9
submarina	9
buje	9
individuales	9
carpas	9
siciliano	9
acrilonitrilo	9
redacci√≥n	9
gigantes	9
bienes	9
dubium	9
calentador	9
rampas	9
bartlett	9
leng√	9
nabal	9
chimenea	9
lineker	9
pa√±os	9
picnic	9
chasmante	9
cavidad	9
salom√≥n	9
mitones	9
copo	9
espacial	9
antique	9
preparadas	9
espumas	9
defensa	9
palos	9
orinoco	9
zonas	9
bitartrato	9
frenado	9
vendas	9
qu√≠micas	9
solares	9
gallardia	9
operadores	9
artefactos	9
filipino	9
discovery	9
romance	9
hockey	9
cargado	9
armas	9
p√∫blicas	9
puerto	9
huesos	9
lovely	9
aviaci√≥n	9
bandera	9
velas	9
ficci√≥n	9
lirios	9
palmito	9
espino	9
liatris	9
catarina	9
pantuflas	9
subterr√°neas	9
propulsores	9
leonidas	9
pulidores	9
boronia	9
receptores	9
frontal	9
delgado	9
perros	9
cuerpos	9
aloe	9
estabilizaci√≥n	9
ivor	9
pulir	9
tractor	9
castor	9
o√≠do	9
andamio	9
champi√±ones	9
letras	9
cubiertos	9
aguacates	9
delantales	9
perpetua	9
duett	9
bujes	9
oncidium	9
rusa	9
genciana	9
radar	9
agregado	9
poros	9
b√°sicas	9
temporada	9
ca√±a	9
enteral	9
embalsamar	9
arbustos	9
peruana	9
reductores	9
diamond	9
miss	9
flexibles	9
nasales	9
tuberosum	9
el√©boro	9
bipolar	9
vasculares	9
apricot	9
negocios	9
fototerapia	9
calatea	9
simulaci√≥n	9
sterling	9
avalanche	9
calathea	9
idiomas	9
trompeta	9
cacahuates	9
baptisia	9
circus	9
hiedra	9
patr√≥n	9
estado	9
club	9
extensores	9
s√≥lo	9
supremo	9
mirasol	9
floribunda	9
little	9
tintura	9
masculina	9
geof√≠sica	9
puercos	9
midi	9
casablanca	9
radiante	9
combusti√≥n	9
localizaci√≥n	9
m√°xima	9
comprobaci√≥n	9
convecci√≥n	9
forraje	9
bradford	9
valor	9
milva	9
pantanos	9
mezclador	9
nuevas	9
flotantes	9
f√©rreo	9
vaina	9
terap√©utico	9
ver√≥nica	9
extruida	9
√≥pticas	9
nerina	9
ozono	9
aislantes	9
empresariales	9
silver	9
soleado	9
viento	9
postales	9
rata	9
griffithii	9
ribonucleico	9
agapanto	9
costus	9
universal	9
castilla	9
kudzu	9
cigarrillos	9
bolita	9
empuje	9
fireball	9
salsa	9
infantiles	9
safari	9
papeler√≠a	9
hornear	9
algarrobo	9
rociado	9
boquilla	9
alcance	9
refrigerado	9
periodoncia	9
abril	9
nomeolvides	9
vibratoria	9
dialisato	9
nueces	9
silvestre	9
isis	9
grandiflora	9
cubetas	9
scarlett	9
higiene	9
paris	9
erguido	9
mamposter√≠a	9
monos	9
repollitos	9
fotocopiadoras	9
plateada	9
femma	9
melones	9
refrigerador	8
natsudaidai	8
kesar	8
hickson	8
yumpi	8
dinant	8
keitt	8
lathom	8
membrillos	8
recao	8
suizo	8
numero	8
tangors	8
canelini	8
sunglo	8
carbonato	8
bacon	8
cantino	8
obturadores	8
cantonesa	8
mar√≠timas	8
electroforesis	8
gwen	8
jepson	8
chanterelle	8
siamese	8
natsumikan	8
crab	8
achicorias	8
alexandria	8
tuxedo	8
sauco	8
brookslate	8
empacado	8
cristina	8
lesser	8
grosellas	8
puebla	8
cerdo	8
feliz	8
lagrein	8
hirado	8
br√≥colis	8
mirtos	8
galantina	8
biol√≥gico	8
romano	8
rondini	8
solent	8
nadir	8
rotatorias	8
malbec	8
estacionamiento	8
liang	8
termoestables	8
willowleaf	8
remolachas	8
interconexi√≥n	8
calville	8
poppycot	8
gordo	8
runner	8
triplett	8
salvamento	8
thornton	8
criollo	8
ever	8
jorge	8
escarolas	8
saltenitas	8
amplificadores	8
chica	8
pinkerton	8
kidd	8
fardh	8
francocastel	8
lotus	8
minaret	8
edwards	8
pinelli	8
desag√	8
wagner	8
charles	8
rojas	8
shackamaxon	8
satureja	8
sandersha	8
bananos	8
divinidad	8
eneldo	8
tonka	8
arue	8
shangahai	8
alumbrado	8
nero	8
murrieta	8
kasumi	8
pomme	8
pomelos	8
foothhill	8
butan	8
vistabella	8
sugartirteen	8
morceau	8
bailey	8
granadas	8
esterillas	8
biqueen	8
majestad	8
chester	8
incendio	8
maypops	8
hematolog√≠a	8
roysum	8
dovine	8
chichinda	8
agarre	8
bahianinha	8
teroldego	8
late	8
estacionamientos	8
escaramujos	8
magdeburg	8
sweethart	8
excel	8
mate	8
wolfe	8
bartons	8
or√©gano	8
bufalo	8
tortillas	8
shan	8
bloomsdale	8
gobernador	8
porcinos	8
elefante	8
passe	8
glou	8
agropoli	8
sunprite	8
cabezal	8
bodacious	8
caquis	8
n√©ctar	8
curaci√≥n	8
smyma	8
serrated	8
klondike	8
citones	8
rochelle	8
templo	8
plancha	8
merlin	8
limonera	8
atl√°ntica	8
casselman	8
esplendor	8
bonito	8
treat	8
chenin	8
damson	8
catherine	8
catalogna	8
gundila	8
card√≠aca	8
kakri	8
chapote	8
gloster	8
mabolo	8
pi√±as	8
sharon	8
centurian	8
franklin	8
kaweah	8
cochinillos	8
nocatee	8
c√≥nica	8
temple	8
nesbitt	8
chitespin	8
asistido	8
neghal	8
stripes	8
higos	8
topper	8
codlin	8
llena	8
sanguine	8
tentaci√≥n	8
tomy	8
brillant√≠sima	8
starbright	8
fraguado	8
brevas	8
drew	8
nuna	8
mayan	8
cayen	8
ruddy	8
waingwright	8
urgencia	8
siberiana	8
crackerjack	8
jubilaci√≥n	8
cerezas	8
tuna	8
jujube	8
almeira	8
warden	8
polilla	8
baron	8
mist	8
meya	8
retracci√≥n	8
jambolan	8
secadoras	8
ryan	8
cupania	8
visual	8
pent√°gona	8
cameron	8
mombines	8
direcciones	8
plat	8
moap	8
lochief	8
flame	8
hijiki	8
natal	8
tell	8
cinsaut	8
rivers	8
rambut√°n	8
arn√©s	8
gloria	8
rijnsberger	8
fairlane	8
bantangas	8
durio	8
schmidt	8
mamonsillo	8
mangostinos	8
lichi	8
akankong	8
medlar	8
baboon	8
acidificante	8
guaya	8
costata	8
fengshan	8
angeleno	8
zucchini	8
hungria	8
macoun	8
dyke	8
tungsteno	8
remoto	8
advance	8
selme	8
butternut	8
tinda	8
biondo	8
salvia	8
hosui	8
estripeti	8
est√°tica	8
ma√≠ces	8
espagueti	8
mangost√°n	8
duncan	8
amarelle	8
grater	8
jaime	8
torpedo	8
diakon	8
aislado	8
escalado	8
hrdyblue	8
cincel	8
sugrasixteen	8
fava	8
marcus	8
babaco	8
escariadores	8
cameo	8
sirah	8
b√°sicos	8
ejercicio	8
vacacion	8
proyecci√≥n	8
horenso	8
dazzle	8
suecos	8
mejor	8
tostada	8
wolf	8
annonas	8
maracuy√°s	8
radioterapia	8
damascos	8
rastreras	8
aspiraci√≥n	8
peperoncini	8
marro	8
pequin	8
prote√≠na	8
hidr√≥geno	8
seno	8
monnukka	8
juno	8
grise	8
gourmet	8
autotransfusi√≥n	8
volkaner	8
hative	8
string	8
bonheur	8
syrah	8
chabacanos	8
dasheen	8
mejestic	8
european	8
wakame	8
grocella	8
ortop√©dica	8
medley	8
limonaria	8
saborrico	8
cayenne	8
buddha	8
maraschino	8
lino	8
asharasi	8
buda	8
fumarato	8
dixie	8
showcase	8
lienzo	8
nobel	8
jonamac	8
francis	8
franc	8
halawy	8
chinas	8
regla	8
sugarthi	8
ganzo	8
lavalle	8
wurtz	8
gaya	8
monstoler	8
kelsae	8
earlrich	8
oaxacan	8
laxton	8
jules	8
envuelto	8
ajos	8
beluga	8
loring	8
gascoyne	8
pattypan	8
sulphur	8
taylor	8
donqua	8
waltman	8
panda	8
anaheim	8
lapin	8
nilo	8
sunhigh	8
puerros	8
challengercrisp	8
kiwis	8
purslane	8
gardu√±a	8
nasturtium	8
litograf√≠a	8
peque√±o	8
mammoth	8
leveller	8
noir	8
amargo	8
mactoum	8
ellensday	8
raddichios	8
martha	8
semillon	8
punz√≥n	8
yautia	8
perlon	8
clementinas	8
yuca	8
lifter	8
texto	8
tassele	8
merton	8
sinquas	8
bagnolet	8
earlivee	8
alphonso	8
zapallo	8
coliflores	8
cerim√°n	8
jincheng	8
hamburg	8
beth	8
rocambola	8
cubanelle	8
pitahayas	8
tindoori	8
perdrigon	8
barhi	8
quetsch	8
rodante	8
highland	8
hinojoherald	8
nigeria	8
sanguinelli	8
mostradores	8
lluvia	8
torneado	8
traviso	8
gage	8
tydeman	8
ogen	8
estrag√≥n	8
interno	8
estabilizadores	8
benlehr	8
rizada	8
barbera	8
colectores	8
favorita	8
perilla	8
carrley	8
orificio	8
babcock	8
plantillas	8
worcester	8
ozark	8
ri√±√≥n	8
rhode	8
precoce	8
wonder	8
honeycrisp	8
pies	8
fordhook	8
beaujolais	8
balsamina	8
anasazi	8
demolici√≥n	8
acelerador	8
descontaminaci√≥n	8
cebollines	8
crookneck	8
maple	8
infrarrojo	8
fairchild	8
bantam	8
burger	8
radice	8
monica	8
orangetti	8
bibb	8
bonney	8
fenomenal	8
calentamiento	8
grives	8
rosele	8
gailon	8
rosey	8
boscoop	8
veterinarios	8
berenjenas	8
tocai	8
peamain	8
india	8
lord	8
sugarose	8
muscadine	8
d√°rtagnan	8
emisi√≥n	8
sure√±o	8
tokaylpinot	8
corinth	8
naranjilla	8
orleans	8
tonelada	8
esposa	8
atributos	8
chardonnay	8
okras	8
woodear	8
terap√©utica	8
buj√≠as	8
carignane	8
malvas√≠a	8
tamarind	8
jitomates	8
marsanne	8
cloro	8
sugraone	8
reed	8
cubanelles	8
olivette	8
cabemet	8
mericrest	8
mostazas	8
mogi	8
tahitian	8
man√≠es	8
sturon	8
alisia	8
reliquia	8
joyas	8
estabilizador	8
robinson	8
carnical	8
khadrawi	8
spirulina	8
marian	8
primitivo	8
comice	8
grandes	8
separad	8
zante	8
zorzi	8
saborella	8
jwala	8
chipolinos	8
medjool	8
sangiovese	8
tunis	8
separada	8
honeycot	8
pardina	8
lentejas	8
placer	8
profundidad	8
esquejes	8
pompom	8
pleurotus	8
morels	8
larian	8
nebbiolo	8
portobello	8
acumuladores	8
frisee	8
cremini	8
gray	8
lola	8
botones	8
abaricoques	8
kale	8
mostza	8
mache	8
harvester	8
atemoya	8
milagro	8
choquette	8
reproductores	8
kyoho	8
tomatillo	8
billar	8
kuduz	8
bouschet	8
t√©rmicos	8
mulgoba	8
shimeji	8
galia	8
contenci√≥n	8
nelis	8
monroe	8
collar	8
troncos	8
worcestershire	8
imanes	8
gr√°fica	8
investigaciones	8
honeypot	8
terracota	8
m√≥naco	8
sante	8
carica	8
calico	8
smoky	8
completo	8
zeegrand	8
gewurztraminer	8
pinkhan	8
√°mbar	8
howgate	8
perezosa	8
fallglo	8
disolventes	8
crispin	8
papayas	8
vidrios	8
colirr√°banos	8
conmutador	8
cerramientos	8
isle√±a	8
simpson	8
canner	8
gelatina	8
tapeguaje	8
angela	8
bonne	8
achotillo	8
chiltep√≠n	8
arum	8
pinto	8
monstera	8
tacos	8
tainung	8
ahumado	8
beaumont	8
√∫nica	8
kuini	8
gounds	8
peludo	8
clauselinas	8
mulato	8
snow	8
loofah	8
pete	8
orejona	8
quetzali	8
scuppemong	8
choi	8
aparejos	8
sellamiento	8
sapotes	8
herman	8
plomer√≠a	8
bebida	8
hierbabuena	8
mayglo	8
mosquito	8
guayabo	8
francine	8
hobo	8
yatimeh	8
oaxaca	8
roadside	8
conference	8
gato	8
apios	8
beurre	8
magia	8
julio	8
friulano	8
berlicum	8
herd	8
zapotes	8
pl√°tanos	8
europeo	8
marrow	8
crassane	8
grava	8
ruffles	8
orach	8
soncino	8
greengage	8
controlada	8
august	8
koreano	8
jonathan	8
grace	8
apepu	8
kelsey	8
shantung	8
dolcetto	8
shaddock	8
wekiwa	8
ribier	8
agr√°s	8
cebollin	8
shamouti	8
embragues	8
reloj	8
rambo	8
array√°n	8
geom√©tricos	8
chalecos	8
fenlander	8
azufaifa	8
borraja	8
pikant	8
kaki	8
maradol	8
jargonelle	8
ciruelos	8
pollock	8
raab	8
feijoa	8
l√∫pulo	8
grumolo	8
munz	8
northen	8
sagittaria	8
howard	8
cierres	8
desert	8
rocha	8
aurora	8
jackson	8
avalancha	8
transmisores	8
ponkan	8
malve	8
alphonse	8
fenogreco	8
alazanes	8
maribel	8
duraznos	8
gladstone	8
ac√∫stico	8
lucullus	8
linkok	8
mayfire	8
trapp	8
yerbabuena	8
medjol	8
vikingo	8
cuinos	8
pearl	8
palomino	8
miguel	8
montmorency	8
siberiano	8
chantenay	8
mexico	8
roussane	8
clapp	8
d√°njou	8
wilkins	8
medula	8
betty	8
pegamento	8
goblin	8
pol√≠ticas	8
pepas	8
cabruna	8
owen	8
serrers	8
parson	8
ranier	8
gorrinos	8
luffa	8
r√∫cula	8
canary	8
friar	8
zinfandel	8
daleware	8
galanga	8
berna	8
hardee	8
sigma	8
mercadeo	8
liches	8
perifollo	8
nuevo	8
seguimiento	8
joanna	8
elder	8
trinidad	8
t√©cnica	8
joanetine	8
irwin	8
correa	8
tsugaru	8
germidor	8
winged	8
aislante	8
khadrawy	8
dancy	8
grandioso	8
chayote	8
puercoesp√≠n	8
opos	8
entretenimiento	8
rosy	8
bigarreu	8
eureka	8
lane	8
sorbete	8
buckhom	8
dauphine	8
ramson	8
hardyblue	8
d√°tale	8
jicama	8
cleopatra	8
crenshaw	8
weatley	8
rowan	8
arctic	8
faciales	8
presidente	8
desastres	8
anne	8
alcachofas	8
lautrec	8
leucodemis	8
meyer	8
aplicador	8
enoki	8
fetel	8
buttemut	8
santo	8
fresado	8
ortanique	8
grey	8
mejorana	8
spoonwart	8
waltham	8
camotes	8
barlinka	8
b√∫squeda	8
cocktail	8
cumplimiento	8
pitmaston	8
chirimoyas	8
baobab	8
encor√©	8
actualizaciones	8
benik	8
salustianas	8
nectarinas	8
hopkins	8
haricot	8
kellogs	8
carmelita	8
acederas	8
sprite	8
waldin	8
korn	8
noor	8
navelina	8
prol√≠fico	8
azuki	8
intervenci√≥n	8
milan	8
d√≥r	8
nightshades	8
halawi	8
sloe	8
khalas	8
cremosa	8
tarrag√≥n	8
abrigos	8
cucuzza	8
betabeles	8
rabano	8
london	8
ch√©ster	8
touriga	8
bosc	8
palla	8
melendez	8
porcieni	8
walcheren	8
perry	8
procesar	8
trenes	8
hojagris	8
palmer	8
siempre	8
nibella	8
p√°jaro	8
romanesca	8
flageolet	8
colinabos	8
anfitri√≥n	8
barreras	8
resortes	8
meunier	8
cuadros	8
regency	8
nori	8
marshal	8
monaco	8
gusto	8
laroda	8
charbono	8
charleston	8
barhee	8
guardado	8
nuri	8
grapes	8
sunburst	8
morello	8
comprimida	8
guerro	8
ajax	8
terrestre	8
tindora	8
mapuey	8
horizonte	8
seckel	8
mung	8
newtown	8
nevel	8
chretien	8
cooksey	8
bote	8
pegante	8
ayecote	8
alfalfa	8
elgon	8
militares	8
solitaria	8
decorativas	8
brave	8
poleas	8
kinnow	8
hinojos	8
espinacas	8
court	8
ross	8
octubre	8
globe	8
rub√≠	8
arrayanes	8
wing	8
wangi	8
rosette	8
langley	8
marasol	8
bastidores	8
delicata	8
amare	8
guisantes	8
cadmio	8
estanter√≠as	8
emilion	8
dapply	8
silla	8
flecha	8
stella	8
tatsoi	8
barlotti	8
iceberg	8
melrose	8
eddoes	8
ataulfo	8
salvador	8
br√©col	8
toscana	8
√°frica	8
pista	8
breta√±a	8
canistel	8
epazote	8
majuelo	8
solan√°ceas	8
peruano	8
mayaguez	8
crisantemos	8
pristine	8
souzao	8
earligo	8
khustawi	8
senshyu	8
forelle	8
l√≥gicos	8
guyot	8
abate	8
ceboll√≠n	8
manchester	8
cayena	8
campanas	8
espinoso	8
guatila	8
alfa	8
gandaria	8
mauve	8
indonesio	8
lindo	8
tanaka	8
mizuna	8
tales	8
peck	8
moqua	8
cartograf√≠a	8
thompson	8
ruibarbos	8
casaba	8
cocombros	8
zoom	8
medias	8
ostra	8
micky	8
egipcias	8
mec√°nicas	8
petula	8
celebridad	8
agrio	8
ajedreas	8
osceola	8
zahidi	8
telef√≥nica	8
argent	8
orugas	8
parvin	8
sirio	8
niagara	8
munsi	8
maria	8
bobby	8
variegated	8
alcaparra	8
napoleon	8
salsif√≠	8
cainito	8
peterson	8
bergamot	8
saramuyos	8
carob	8
bajito	8
farmac√©uticos	8
lechugas	8
sharlyn	8
aspen	8
botanas	8
acme	8
nataci√≥n	8
siembra	8
enorme	8
keiffer	8
econom√≠a	8
comprimido	8
cuche	8
c√≥digos	8
mutsu	8
costard	8
current	8
escorbuto	8
colchones	8
hachiya	8
hirviendo	8
quelpo	8
calabash	8
hiver	8
mallows	8
huecograbado	8
brucelas	8
tientsin	8
casta√±o	8
tamarillos	8
cavaillon	8
tintes	8
ejote	8
clemson	8
deglet	8
curuba	8
kaiserlouise	8
haden	8
kiwano	8
sampson	8
mortgage	8
tosca	8
desinfectantes	8
test	8
baresana	8
malon	8
hamlin	8
bobinas	8
estudiantes	8
tokay	8
best	8
escondido	8
colombard	8
auyamas	8
geans	8
perlette	8
resistente	8
laver	8
interspecific	8
arveja	8
roscas	8
fertilidad	8
worcesterberry	8
scallop	8
nantes	8
musque	8
chinotto	8
incre√≠ble	8
auxilios	8
lambert	8
pegasus	8
pasionaria	8
copas	8
religiosas	8
makokkee	8
cortland	8
missiom	8
frambuesas	8
marsh	8
nerva	8
hami	8
transductores	8
playero	8
utah	8
shitake	8
cary	8
susabi	8
cuyamaca	8
tuscan	8
ackee	8
jacobs	8
daidai	8
mercados	8
tumeric	8
cordones	8
bulbos	8
costo	8
correcci√≥n	8
cidras	8
alcaravea	8
packham	8
t√°ntalo	8
drittler	8
rojiso	8
cantaloupe	8
atkin	8
empanada	8
revestido	8
oriente	8
recubiertos	8
yaca	8
pendu	8
lancelot	8
toronjas	8
solventes	8
khidri	8
arame	8
aronias	8
cemilla	8
intra	8
transmisor	8
ortop√©dicos	8
jupbileo	8
sardo	8
chalotes	8
bigaradier	8
faldas	8
camelot	8
tepin	8
acuso	8
surecrop	8
intercambio	8
arrurruz	8
durian	8
tarahumara	8
cheongyang	8
catawba	8
foster	8
elstar	8
charentais	8
tardo	8
calmeria	8
eclipse	8
hilali	8
cardinal	8
deportivas	8
alverda	8
barril	8
tannat	8
lucida	8
gayubas	8
brote	8
beans	7
simonds	7
athens	7
decoraciones	7
viga	7
fusi√≥n	7
secciones	7
guatemala	7
f√°bricas	7
volc√°n	7
espiral	7
palas	7
calculadoras	7
estradiol	7
intermedia	7
√°rea	7
microscopio	7
posicionadores	7
manchas	7
prefabricados	7
cuartos	7
inversa	7
optimizaci√≥n	7
electrodo	7
consumidor	7
concentrados	7
melons	7
compuerta	7
sector	7
jamaico	7
jabonaria	7
vitamina	7
helado	7
apartamentos	7
inflable	7
esqu√≠	7
parabrisas	7
transportadores	7
sacos	7
lazo	7
canecas	7
m√°rmol	7
timones	7
cine	7
rompedores	7
pollo	7
documentaci√≥n	7
carrito	7
softbol	7
culminaci√≥n	7
propiedad	7
irland√©s	7
sanitario	7
ettinger	7
mandril	7
encuestas	7
valles	7
gillyflower	7
pisa	7
rociadores	7
deportiva	7
amoniaco	7
overoles	7
sandalias	7
moldeables	7
lodos	7
duke	7
blandos	7
cizalla	7
platono	7
laon	7
autom√≥vil	7
desviaci√≥n	7
donnie	7
pernabuco	7
fais√°n	7
astrakhan	7
rome	7
ranura	7
gossman	7
aislador	7
april	7
hospitalarios	7
tejas	7
ginebra	7
inal√°mbrica	7
cintur√≥n	7
lineales	7
rastrillos	7
limpiadoras	7
adhesiva	7
lecho	7
instrucciones	7
bernecker	7
malvasion	7
plumones	7
regadera	7
f√≥sforo	7
colgar	7
galaxy	7
dupis	7
garant√≠a	7
distribuidor	7
terrenos	7
rocas	7
diodo	7
biblia	7
duro	7
caracteres	7
fondos	7
maletas	7
jaster	7
ara√±a	7
sint√©ticos	7
fon√©tica	7
simple	7
esparcidor	7
pesado	7
hidrocortisona	7
sellantes	7
jab√≥n	7
manufactura	7
compacto	7
relieve	7
ejercicios	7
geolog√≠a	7
nervios	7
sacha	7
aguacateruehle	7
sartenes	7
carpinter√≠a	7
cecilia	7
selladores	7
malayan	7
connovers	7
levantadores	7
barro	7
pineapple	7
abridores	7
ultras√≥nico	7
corral	7
cambio	7
cliente	7
ajustables	7
empaquetado	7
br√≥colini	7
redtop	7
unifamiliares	7
uranio	7
obra	7
alberjones	7
duquesa	7
carrocer√≠a	7
locomotoras	7
borrador	7
cl√°sica	7
cartulina	7
giratoria	7
mu√±ecas	7
propelente	7
vibradores	7
intubaci√≥n	7
lambruso	7
fortuna	7
labradas	7
avena	7
especializadas	7
sexual	7
jaca	7
zultano	7
prop√≥sito	7
capacitores	7
radiofrecuencia	7
enchapado	7
apriete	7
escuadra	7
extremidades	7
postres	7
trauma	7
telef√≥nicos	7
fr√≠a	7
peque√±as	7
nublosa	7
detenci√≥n	7
gotham	7
coser	7
propileno	7
inflables	7
ligero	7
venosa	7
extracto	7
fugas	7
estr√©s	7
salsas	7
notebook	7
restaurantes	7
pesqueros	7
polea	7
collares	7
niebla	7
camus	7
dilataci√≥n	7
fija	7
receptor	7
capas	7
b√°sico	7
fuente	7
french	7
cobertura	7
p√∫blicos	7
canales	7
beisbol	7
yoduro	7
espaciales	7
informes	7
philippine	7
escudos	7
cu√±as	7
glicol	7
acondicionamiento	7
gafas	7
fiji	7
caras	7
consumo	7
matano	7
sturgatter	7
reservorios	7
aguacaterue	7
preservaci√≥n	7
baby	7
sincronizaci√≥n	7
diablo	7
estimulador	7
espec√≠ficos	7
abrasivo	7
hand	7
chiggiia	7
giratorios	7
espec√≠fico	7
complementario	7
beaty	7
barniz	7
ganso	7
borrable	7
inmuebles	7
luculus	7
aspiradoras	7
perforadoras	7
alimenticios	7
electromagn√©tico	7
fotos	7
mascarthur	7
p√∫blica	7
rotal	7
espectr√≥metros	7
radiograf√≠a	7
cunas	7
montepulceano	7
gerencia	7
cardiovasculares	7
modular	7
proveedores	7
adultos	7
andarinalee	7
aterrizaje	7
soga	7
mortero	7
tr√°nsito	7
exotic	7
ganadera	7
determinaci√≥n	7
enchufes	7
transductor	7
raquetas	7
videos	7
congelador	7
cortos	7
t√≥xicas	7
refuerzo	7
llamas	7
primeros	7
halar	7
t√≥picas	7
laterales	7
celdas	7
imitaci√≥n	7
cocci√≥n	7
artes	7
artesan√≠as	7
etiqueta	7
perfil	7
auriculares	7
urol√≥gicos	7
collison	7
tompeta	7
empress	7
magneto	7
fijadores	7
tenis	7
sat√©lite	7
espa√±a	7
bastones	7
rectificaci√≥n	7
colgadores	7
tiendas	7
parte	7
jeringa	7
dupie	7
brillantina	7
p√∫blico	7
purpurina	7
bot√≥n	7
subterr√°neos	7
c√°psulas	7
ignici√≥n	7
crisoles	7
resistor	7
largas	7
grifo	7
molecular	7
santine	7
cuadernos	7
cuchillo	7
pesados	7
southern	7
enfriador	7
monturas	7
engranaje	7
mandarin	7
externo	7
antiest√°ticas	7
pagina	7
riesgo	7
cretaegus	7
pol√≠tica	7
conducto	7
difteria	7
nort	7
conferencias	7
registrar	7
dispensadoras	7
apertura	7
militar	7
neutrones	7
edificaciones	7
stands	7
cevilla	7
tigre	7
steam	7
rosados	7
compresor	7
paja	7
marranos	7
colosal	7
allsweet	7
starkiorum	6
t√©cnicos	6
marino	6
intiflorum	6
magenta	6
rubropictum	6
hirta	6
ligas	6
texana	6
barbaresco	6
cementos	6
log√≠stica	6
mu√±eca	6
solandraeflorum	6
rodantes	6
illustre	6
curitibanum	6
ac√∫sticas	6
florex	6
albiflora	6
santiago	6
pouche	6
suzy	6
polvos	6
goldband	6
verdor	6
pecoso	6
playeras	6
platina	6
miniatum	6
vela	6
panther	6
organizaci√≥n	6
ferreter√≠a	6
u√±as	6
montezuma	6
nimph	6
negativa	6
ashbyi	6
harlekijn	6
ne√≥n	6
morita	6
grvenstain	6
formado	6
traperos	6
molino	6
encuadernado	6
cuaresme√±o	6
moby	6
drumstick	6
poblaci√≥n	6
pavimento	6
n√≠tida	6
striatum	6
debajo	6
afuera	6
deja	6
mistique	6
repisas	6
kromeri	6
s√°banas	6
volante	6
alineaci√≥n	6
argenteum	6
doblador	6
aubergene	6
ajustable	6
characias	6
nardo	6
libretas	6
tinte	6
grinache	6
reguladoras	6
futbol	6
operativo	6
mohrii	6
angular	6
reparar	6
puesto	6
tropicales	6
lapacense	6
armazones	6
gales	6
mancha	6
christophii	6
carmine	6
impermeabilizaci√≥n	6
protocolo	6
sabrina	6
hanging	6
hybrid	6
policarbonato	6
nigella	6
rilona	6
nutricionales	6
variegatum	6
analg√©sicos	6
augustine	6
hidrotratador	6
transparente	6
d√°pi	6
l√°seres	6
menziesii	6
conos	6
teatro	6
sunrise	6
membranas	6
maureen	6
preparaciones	6
zebrina	6
gracia	6
minka	6
vargasii	6
bastidor	6
ocean	6
range	6
laciniata	6
angustifolium	6
bourgogne	6
senna	6
conductividad	6
fijos	6
fumigaci√≥n	6
cannes	6
cargador	6
mollevillquense	6
klamathensis	6
minasgerais	6
nucleicos	6
amplexicaulis	6
resouci	6
molibdeno	6
irradiaci√≥n	6
opus	6
coliflo	6
vulpis	6
deformed	6
plan	6
petra	6
paphiopedilum	6
cotrones	6
natanja	6
codorniz	6
aulicum	6
symohony	6
edge	6
mordaza	6
trabajar	6
pa√±uelos	6
acapulco	6
moon	6
reflector	6
virtuales	6
talk	6
puniceum	6
empresa	6
inal√°mbrico	6
caminar	6
vision	6
retenedores	6
torcido	6
corriense	6
greening	6
butterfly	6
kiato	6
anabella	6
volantes	6
viquingo	6
pinnata	6
jewel	6
schwarzwalder	6
protectora	6
crecimiento	6
merostar	6
subtomentosa	6
passion	6
b√°sica	6
inerte	6
psittacinum	6
cordata	6
psittacorum	6
cooperativas	6
copias	6
atl√©tico	6
alimentadores	6
fotogr√°fico	6
especializada	6
rompecabezas	6
bowl	6
invernadero	6
residenciales	6
semiconductor	6
puma	6
mezclar	6
brindisi	6
equipaje	6
fuscum	6
pl√°sticas	6
palanca	6
sapporo	6
clientes	6
gimn√°stico	6
admisi√≥n	6
tamarillo	6
hsla	6
observaci√≥n	6
lucifer	6
cattarrato	6
entre	6
maculatum	6
invasiva	6
perforar	6
braquiterapia	6
esponja	6
yungacense	6
sorbonne	6
b√°scula	6
zapatillo	6
charmes	6
incineraci√≥n	6
parrot	6
fluoruro	6
almohadilla	6
inhibici√≥n	6
literatura	6
stylosum	6
pimpinela	6
grapa	6
reactivo	6
pedag√≥gicos	6
auriculata	6
facilidades	6
beseno	6
instituciones	6
swan	6
fletes	6
bolsillos	6
hanepot	6
marginata	6
graminifolia	6
amaru	6
avestruz	6
vendela	6
serial	6
muscadet	6
hugoi	6
fulgida	6
chipotle	6
elevadora	6
pizza	6
transmisiones	6
divijuliani	6
marcas	6
soplete	6
mosaicos	6
construcciones	6
macondo	6
endoscopios	6
pinceles	6
culebra	6
cultural	6
osiana	6
mejoramiento	6
paquichanum	6
plantaciones	6
fever	6
vegmo	6
tejidas	6
roc√≠o	6
serrada	6
subproductos	6
eslabones	6
urea	6
republic	6
tarro	6
starfighter	6
eyed	6
globemaster	6
alcantarillado	6
recuerdos	6
pittosporum	6
france	6
kathryn	6
infraestructura	6
hombro	6
bennie	6
ferreyrae	6
bukasovii	6
bucales	6
procedimiento	6
cuzcoense	6
motocicleta	6
multiprop√≥sito	6
campunalarus	6
l√≥gica	6
reglas	6
pino	6
enema	6
moldeable	6
aleatorio	6
gluhwein	6
cargas	6
elegance	6
dizzy	6
filtrado	6
mirabella	6
c√°lcico	6
colegiaturas	6
galpini	6
diagramas	6
broches	6
soccer	6
starbust	6
vivienda	6
babe	6
nervioso	6
autor	6
inmunolog√≠a	6
bullit	6
administrativa	6
argentinum	6
radiogr√°fica	6
salpicaduras	6
broadway	6
ericifolia	6
festival	6
carolina	6
centr√≠fugo	6
levantar	6
regata	6
guarapuavicum	6
caballetes	6
blossfeldiae	6
breviflorum	6
queens	6
timeless	6
antike	6
triloba	6
aranal	6
rousilon	6
diacetato	6
albertville	6
empire	6
forgetii	6
colombina	6
machupijchense	6
emperor	6
million	6
dentadas	6
blumenavium	6
goddess	6
p√°ginas	6
vermeer	6
spirit	6
bromhidrato	6
hidroterapia	6
opal	6
assyriaca	6
pijamas	6
first	6
acolchado	6
compuestas	6
longitud	6
florales	6
solemio	6
psitt	6
baxteri	6
hidr√≥xido	6
aulas	6
tropicana	6
petiolatum	6
weber	6
calyptratum	6
√©rica	6
aglaiae	6
martini	6
lion	6
improved	6
mollis	6
nippon	6
snowball	6
encendedores	6
silicio	6
curado	6
mes√≥n	6
caj√≥n	6
grnache	6
small	6
plumas	6
trituradoras	6
lobster	6
justice	6
autos	6
drenajes	6
bolos	6
cambios	6
brisbane	6
subs	6
cheques	6
muestrarios	6
anual	6
representaci√≥n	6
alteza	6
dame	6
managua	6
pentomin√≥s	6
cargar	6
rotaci√≥n	6
etude	6
barandas	6
retorno	6
adolescentes	6
tareas	6
balas	6
pa√±itos	6
posters	6
burbujas	6
nariz	6
selecci√≥n	6
richmond	6
abuso	6
hidrotratadora	6
aprender	6
compra	6
succinato	6
classic	6
tina	6
inflamable	6
silhouette	6
rostrata	6
urinario	6
alfombra	6
chapman	6
feria	6
colgador	6
su√©teres	6
fosteri	6
fireglow	6
scabrifolia	6
goldbar	6
prefabricadas	6
ponqu√©s	6
fr√≠os	6
toxicolog√≠a	6
membrana	6
ca√±as	6
choclo	6
escritorios	6
barreirasum	6
mona	6
captain	6
estadios	6
rotativa	6
rendimiento	6
oconoquense	6
papilio	6
cambiar	6
lace	6
mimi	6
orificios	6
iguazuanum	6
mendania	6
suculenta	6
macbridei	6
menorca	6
t√©mpera	6
ritmo	6
formularios	6
caramel	6
infrarrojas	6
pecho	6
carsbad	6
perfecta	6
remache	6
asadores	6
occidentalis	6
yelllow	6
robustica	6
nova	6
auratum	6
petrol√≠feros	6
dimensionadas	6
mandonii	6
almeja	6
persuation	6
alcoh√≥licas	6
diez	6
tardiva	6
balero	6
ductos	6
leopoldii	6
comercio	6
purpurea	6
persian	6
condemaita	6
nagano	6
frontales	6
cantata	6
cu√±a	6
planas	6
correspondencia	6
bird	6
glasking	6
pulido	6
leonardii	6
reconocido	6
aviflorum	6
canaria	6
conca	6
claraboyas	6
hablar	6
grupos	6
espec√≠fica	6
gypsy	6
fair	6
brasilianum	6
carcasa	6
sumatra	6
aseguramiento	6
rob√≥ticos	6
anzaldoi	6
nikita	6
earliqueen	6
roseum	6
voleibol	6
large	6
barrido	6
terap√©uticos	6
rialto	6
reticulatum	6
morelianum	6
camelian	6
arreglos	6
kimchi	6
vittatum	6
lazos	6
persianas	6
medusa	6
enamorada	6
giro	6
escal√≥n	6
pintar	6
profundo	6
sharp	6
parqueaderos	6
wagneriana	6
sacar	6
band	6
glamini	6
rob√≥tica	6
ox√≠metros	6
missouriensis	6
figuras	6
hemofiltraci√≥n	6
montante	6
goianum	6
cattleya	6
paperwhite	6
vero	6
paletas	6
sunny	6
romantic	6
usos	6
percusi√≥n	6
cinnabar	6
transparent	6
montajes	6
respiratorios	6
tubular	6
caupolicanense	6
hormona	6
acople	6
filminas	6
refrigerados	6
detergentes	6
evansiae	6
reginae	6
jolink	6
paradisiacum	6
l√°cteos	6
derivaci√≥n	6
compensaci√≥n	6
balanza	6
bombillos	6
inhibidor	6
pardinum	6
harrisonii	6
baccara	6
lake	6
pivote	6
cromo	6
mickey	6
temporizadores	6
sicilum	6
chrystal	6
principal	6
bismuto	6
nice	6
marigold	6
secret	6
araripinum	6
agricultura	6
poli	6
bridal	6
techado	6
cardiovascular	6
agregados	6
virutas	6
congesta	6
pompeii	6
cigarro	6
taller	6
hara	6
torch	6
geometr√≠a	6
shogun	6
malabra	6
cromance	6
servo	6
creme	6
c√°√±amo	6
espaciadores	6
usuario	6
bling	6
porcelina	6
booth	6
farao	6
gluconato	6
rdok	6
boxeo	6
enzimas	6
brunet	6
gladiador	6
municiones	6
odessa	6
did√°ctico	6
teyucuarense	6
permeabilidad	6
amazonas	6
cadillac	6
programables	6
acr√≠lica	6
chionedyanthum	6
basada	6
something	6
invertebrados	6
vita	6
pillow	6
cote	6
robina	6
instrumentaci√≥n	6
schubertii	6
bernini	6
pieles	6
sancerre	6
jelena	6
propiedades	6
cumbia	6
nelsonii	6
fusores	6
ricino	6
exhibici√≥n	6
alfileres	6
vadamalli	6
traubii	6
engagement	6
samur	6
unifolium	6
resistores	6
servir	6
triumphateer	6
alpicola	6
farfalla	6
propano	6
fantas√≠a	6
cad√°veres	6
tete	6
comercializaci√≥n	6
blach	6
cybister	6
pato	6
halifax	6
parodii	6
am√©rica	6
env√≠o	6
sublime	6
sellar	6
imperialis	6
spurge	6
tubulares	6
bellina	6
escuela	6
bicicleta	6
floreciente	6
hermanas	6
sesa	6
firmware	6
heliopsidis	6
delistar	6
tasa	6
tweedia	6
ampeloprasum	6
focos	6
peregrino	6
moly	6
cowanii	6